BEGIN TRANSACTION;
INSERT INTO `USERLEVEL` (FUNCAO,DESCRIPT) VALUES ('FornoEletrico','Forneiro Eletricista');
INSERT INTO `USERLEVEL` (FUNCAO,DESCRIPT) VALUES ('OperadorMaquina','Operador de Maquinas');
INSERT INTO `USERLEVEL` (FUNCAO,DESCRIPT) VALUES ('SupervisorMaquina','Supervisor de Maquinas');
INSERT INTO `USERLEVEL` (FUNCAO,DESCRIPT) VALUES ('All','All');

INSERT INTO `USRIFACE` (FUNCAO,FIELD,FTYPE,FFMT,FDESC,FORDER) VALUES ('FornoEletrico','PERCFESI','TEXT','6','FeSi','1');
INSERT INTO `USRIFACE` (FUNCAO,FIELD,FTYPE,FFMT,FDESC,FORDER) VALUES ('FornoEletrico','PERCS','TEXT','6','Enxofre','2');
INSERT INTO `USRIFACE` (FUNCAO,FIELD,FTYPE,FFMT,FDESC,FORDER) VALUES ('FornoEletrico','PERCMG','TEXT','6','Magnesio','3');
INSERT INTO `USRIFACE` (FUNCAO,FIELD,FTYPE,FFMT,FDESC,FORDER) VALUES ('FornoEletrico','PANELA','TEXT','3','Panela','4');
INSERT INTO `USRIFACE` (FUNCAO,FIELD,FTYPE,FFMT,FDESC,FORDER) VALUES ('FornoEletrico','TEMP','TEXT','10','Temperatura','5');
INSERT INTO `USRIFACE` (FUNCAO,FIELD,FTYPE,FFMT,FDESC,FORDER) VALUES ('FornoEletrico','FORNELETR','TEXT','5','Numero do Forno Eletrico','6');
INSERT INTO `USRIFACE` (FUNCAO,FIELD,FTYPE,FFMT,FDESC,FORDER) VALUES ('OperadorMaquina','PERCFESI','TEXT','6','FeSi','1');
INSERT INTO `USRIFACE` (FUNCAO,FIELD,FTYPE,FFMT,FDESC,FORDER) VALUES ('OperadorMaquina','PERCINOCLNT','TEXT','6','Inoculante','2');
INSERT INTO `USRIFACE` (FUNCAO,FIELD,FTYPE,FFMT,FDESC,FORDER) VALUES ('OperadorMaquina','ASPECTUBO','TEXT','200','Aspecto do Tubo','3');
INSERT INTO `USRIFACE` (FUNCAO,FIELD,FTYPE,FFMT,FDESC,FORDER) VALUES ('OperadorMaquina','PANELA','TEXT','3','Panela','4');
INSERT INTO `USRIFACE` (FUNCAO,FIELD,FTYPE,FFMT,FDESC,FORDER) VALUES ('OperadorMaquina','WS','TEXT','6','WS','5');
INSERT INTO `USRIFACE` (FUNCAO,FIELD,FTYPE,FFMT,FDESC,FORDER) VALUES ('OperadorMaquina','TEMP','TEXT','10','Temperatura','6');
INSERT INTO `USRIFACE` (FUNCAO,FIELD,FTYPE,FFMT,FDESC,FORDER) VALUES ('OperadorMaquina','NUMMAQUINA','TEXT','2','Numero da Maquina','7');
INSERT INTO `USRIFACE` (FUNCAO,FIELD,FTYPE,FFMT,FDESC,FORDER) VALUES ('OperadorMaquina','ENELETTON','TEXT','9','Energia/Tonelada','8');
INSERT INTO `USRIFACE` (FUNCAO,FIELD,FTYPE,FFMT,FDESC,FORDER) VALUES ('SupervisorMaquina','ASPECTUBO','TEXT','200','Aspecto do Tubo','1');
INSERT INTO `USRIFACE` (FUNCAO,FIELD,FTYPE,FFMT,FDESC,FORDER) VALUES ('SupervisorMaquina','REFUGO','TEXT','200','Refugo','2');
INSERT INTO `USRIFACE` (FUNCAO,FIELD,FTYPE,FFMT,FDESC,FORDER) VALUES ('SupervisorMaquina','CADENCIA','TEXT','6','Cadencia','3');
INSERT INTO `USRIFACE` (FUNCAO,FIELD,FTYPE,FFMT,FDESC,FORDER) VALUES ('SupervisorMaquina','OEE','TEXT','6','OEE','4');

INSERT INTO `USERS` (ID,FUNCAO,PASSHASH) VALUES ('111111','FornoEletrico','bcb15f821479b4d5772bd0ca866c00ad5f926e3580720659cc80d39c9d09802a');
INSERT INTO `USERS` (ID,FUNCAO,PASSHASH) VALUES ('666666','FornoEletrico','94edf28c6d6da38fd35d7ad53e485307f89fbeaf120485c8d17a43f323deee71');
INSERT INTO `USERS` (ID,FUNCAO,PASSHASH) VALUES ('333333','FornoEletrico','68487dc295052aa79c530e283ce698b8c6bb1b42ff0944252e1910dbecdc5425');
INSERT INTO `USERS` (ID,FUNCAO,PASSHASH) VALUES ('555555','OperadorMaquina','af41e68e1309fa29a5044cbdc36b90a3821d8807e68c7675a6c495112bc8a55f');
INSERT INTO `USERS` (ID,FUNCAO,PASSHASH) VALUES ('444444','OperadorMaquina','69f7f7a7f8bca9970fa6f9c0b8dad06901d3ef23fd599d3213aa5eee5621c3e3');
INSERT INTO `USERS` (ID,FUNCAO,PASSHASH) VALUES ('999999','OperadorMaquina','937377f056160fc4b15e0b770c67136a5f03c15205b4d3bf918268fefa2c6d0a');
INSERT INTO `USERS` (ID,FUNCAO,PASSHASH) VALUES ('888888','SupervisorMaquina','92925488b28ab12584ac8fcaa8a27a0f497b2c62940c8f4fbc8ef19ebc87c43e');
INSERT INTO `USERS` (ID,FUNCAO,PASSHASH) VALUES ('222222','SupervisorMaquina','4cc8f4d609b717356701c57a03e737e5ac8fe885da8c7163d3de47e01849c635');
INSERT INTO `USERS` (ID,FUNCAO,PASSHASH) VALUES ('777777','SupervisorMaquina','ec4c88ca7f69534f10c0611c1ecd13e7c2cdf73e1b915e9fd0cf27ac10da43fa');

INSERT INTO `RELATS` (FUNCAO,TITULO,CAMPOS,HEADERS) VALUES ('OperadorMaquina','ANALISE QUIMICA DO BASQUETE','DRT, DATAHORA, LOGINOUT, PERCFESI, PERCINOCLNT, ASPECTUBO, PANELA, WS, TEMP, NUMMAQUINA, ENELETTON, IPPORT','DRT,DATA - HORA,IO,FeSi,Inoculante,Aspecto do Tubo,Panela,WS,Temperatura,Numero da Maquina,Energia/Tonelada,IP:PORTA');
INSERT INTO `RELATS` (FUNCAO,TITULO,CAMPOS,HEADERS) VALUES ('SupervisorMaquina','DADOS DA PRODUCAO - SUPERVISOR DE MAQUINA','DRT, DATAHORA, LOGINOUT, ASPECTUBO, REFUGO, CADENCIA, OEE, IPPORT','DRT,DATA - HORA,IO,Aspecto do Tubo,Refugo,Cadencia,OEE,IP:PORTA');
INSERT INTO `RELATS` (FUNCAO,TITULO,CAMPOS,HEADERS) VALUES ('FornoEletrico','ANALISE QUIMICA E CORRECAO - METALURGIA - FORNO ELETRICO','DRT, DATAHORA, LOGINOUT, PERCFESI, PERCS, PERCMG, PANELA, TEMP, FORNELETR, IPPORT','DRT,DATA - HORA,IO,FeSi,Enxofre,Magnesio,Panela,Temperatura,Numero do Forno Eletrico,IP:PORTA');
INSERT INTO `RELATS` (FUNCAO,TITULO,CAMPOS,HEADERS) VALUES ('All','DADOS DA PRODUCAO - GERAL','DRT, DATAHORA, LOGINOUT, FUNCAO, PANELA, WS, FORNELETR, NUMMAQUINA, DIAMETRO, CLASSE, TEMP, PERCFESI, PERCMG, PERCC, PERCS, PERCP, PERCINOCLNT, ENELETTON, CADENCIA, OEE, ASPECTUBO, REFUGO, IPPORT','DRT,DATA - HORA,IO,Funcao,Panela,WS,Numero do Forno Eletrico,Numero da Maquina,Diametro,Classe,Temperatura,FeSi,Magnesio,Carbono,Enxofre,Fosforo,Inoculante,Energia Eletrica/TON,Cadencia,OEE,Aspecto,Refugo,IP:PORTA');

INSERT INTO `MSGS` (DRT,DATAHORA,LOGINOUT,FUNCAO,PANELA,WS,FORNELETR,NUMMAQUINA,DIAMETRO,CLASSE,TEMP,PERCFESI,PERCMG,PERCC,PERCS,PERCP,PERCINOCLNT,ENELETTON,CADENCIA,OEE,ASPECTUBO,REFUGO,IPPORT) VALUES ('111111','07/10/18 18:45:00','I','FornoEletrico','','','','','','','','','','','','','','','','','','','192.168.100.9:34894');
INSERT INTO `MSGS` (DRT,DATAHORA,LOGINOUT,FUNCAO,PANELA,WS,FORNELETR,NUMMAQUINA,DIAMETRO,CLASSE,TEMP,PERCFESI,PERCMG,PERCC,PERCS,PERCP,PERCINOCLNT,ENELETTON,CADENCIA,OEE,ASPECTUBO,REFUGO,IPPORT) VALUES ('111111','07/10/18 18:45:09','','FornoEletrico','34','','234','','','','234234','123','345','','234','','','','','','','','192.168.100.9:34894');
INSERT INTO `MSGS` (DRT,DATAHORA,LOGINOUT,FUNCAO,PANELA,WS,FORNELETR,NUMMAQUINA,DIAMETRO,CLASSE,TEMP,PERCFESI,PERCMG,PERCC,PERCS,PERCP,PERCINOCLNT,ENELETTON,CADENCIA,OEE,ASPECTUBO,REFUGO,IPPORT) VALUES ('111111','07/10/18 18:45:31','','FornoEletrico','11','','1111','','','','111111','345','11111','','111','','','','','','','','192.168.100.9:34894');
INSERT INTO `MSGS` (DRT,DATAHORA,LOGINOUT,FUNCAO,PANELA,WS,FORNELETR,NUMMAQUINA,DIAMETRO,CLASSE,TEMP,PERCFESI,PERCMG,PERCC,PERCS,PERCP,PERCINOCLNT,ENELETTON,CADENCIA,OEE,ASPECTUBO,REFUGO,IPPORT) VALUES ('111111','07/10/18 18:45:36','O','FornoEletrico','','','','','','','','','','','','','','','','','','','192.168.100.9:34894');
INSERT INTO `MSGS` (DRT,DATAHORA,LOGINOUT,FUNCAO,PANELA,WS,FORNELETR,NUMMAQUINA,DIAMETRO,CLASSE,TEMP,PERCFESI,PERCMG,PERCC,PERCS,PERCP,PERCINOCLNT,ENELETTON,CADENCIA,OEE,ASPECTUBO,REFUGO,IPPORT) VALUES ('666666','07/10/18 18:45:49','I','FornoEletrico','','','','','','','','','','','','','','','','','','','192.168.100.9:34894');
INSERT INTO `MSGS` (DRT,DATAHORA,LOGINOUT,FUNCAO,PANELA,WS,FORNELETR,NUMMAQUINA,DIAMETRO,CLASSE,TEMP,PERCFESI,PERCMG,PERCC,PERCS,PERCP,PERCINOCLNT,ENELETTON,CADENCIA,OEE,ASPECTUBO,REFUGO,IPPORT) VALUES ('666666','07/10/18 18:46:02','','FornoEletrico','66','','666','','','','666666','666','6666','','66666','','','','','','','','192.168.100.9:34894');
INSERT INTO `MSGS` (DRT,DATAHORA,LOGINOUT,FUNCAO,PANELA,WS,FORNELETR,NUMMAQUINA,DIAMETRO,CLASSE,TEMP,PERCFESI,PERCMG,PERCC,PERCS,PERCP,PERCINOCLNT,ENELETTON,CADENCIA,OEE,ASPECTUBO,REFUGO,IPPORT) VALUES ('666666','07/10/18 18:46:04','O','FornoEletrico','','','','','','','','','','','','','','','','','','','192.168.100.9:34894');
INSERT INTO `MSGS` (DRT,DATAHORA,LOGINOUT,FUNCAO,PANELA,WS,FORNELETR,NUMMAQUINA,DIAMETRO,CLASSE,TEMP,PERCFESI,PERCMG,PERCC,PERCS,PERCP,PERCINOCLNT,ENELETTON,CADENCIA,OEE,ASPECTUBO,REFUGO,IPPORT) VALUES ('999999','07/10/18 18:46:16','I','OperadorMaquina','','','','','','','','','','','','','','','','','','','192.168.100.9:34894');
INSERT INTO `MSGS` (DRT,DATAHORA,LOGINOUT,FUNCAO,PANELA,WS,FORNELETR,NUMMAQUINA,DIAMETRO,CLASSE,TEMP,PERCFESI,PERCMG,PERCC,PERCS,PERCP,PERCINOCLNT,ENELETTON,CADENCIA,OEE,ASPECTUBO,REFUGO,IPPORT) VALUES ('999999','07/10/18 18:46:38','','OperadorMaquina','34','23','','3','','','2344','222','','','','','234','','','','klslçsdfjsdlkgfnlsndfçsdfmsdflsdfççmsdfçlmçfmlqwefmlef','','192.168.100.9:34894');
INSERT INTO `MSGS` (DRT,DATAHORA,LOGINOUT,FUNCAO,PANELA,WS,FORNELETR,NUMMAQUINA,DIAMETRO,CLASSE,TEMP,PERCFESI,PERCMG,PERCC,PERCS,PERCP,PERCINOCLNT,ENELETTON,CADENCIA,OEE,ASPECTUBO,REFUGO,IPPORT) VALUES ('999999','07/10/18 18:47:16','','OperadorMaquina','df','34','','d','','','fdg','234','','','','','34567','','','','sdlfksçflááááááçlsjkçslkféééëdfkljgkljdkfgj','','192.168.100.9:34894');
INSERT INTO `MSGS` (DRT,DATAHORA,LOGINOUT,FUNCAO,PANELA,WS,FORNELETR,NUMMAQUINA,DIAMETRO,CLASSE,TEMP,PERCFESI,PERCMG,PERCC,PERCS,PERCP,PERCINOCLNT,ENELETTON,CADENCIA,OEE,ASPECTUBO,REFUGO,IPPORT) VALUES ('999999','07/10/18 18:47:17','O','OperadorMaquina','','','','','','','','','','','','','','','','','','','192.168.100.9:34894');
INSERT INTO `MSGS` (DRT,DATAHORA,LOGINOUT,FUNCAO,PANELA,WS,FORNELETR,NUMMAQUINA,DIAMETRO,CLASSE,TEMP,PERCFESI,PERCMG,PERCC,PERCS,PERCP,PERCINOCLNT,ENELETTON,CADENCIA,OEE,ASPECTUBO,REFUGO,IPPORT) VALUES ('555555','07/10/18 18:47:25','I','OperadorMaquina','','','','','','','','','','','','','','','','','','','192.168.100.9:34894');
INSERT INTO `MSGS` (DRT,DATAHORA,LOGINOUT,FUNCAO,PANELA,WS,FORNELETR,NUMMAQUINA,DIAMETRO,CLASSE,TEMP,PERCFESI,PERCMG,PERCC,PERCS,PERCP,PERCINOCLNT,ENELETTON,CADENCIA,OEE,ASPECTUBO,REFUGO,IPPORT) VALUES ('555555','07/10/18 18:47:46','','OperadorMaquina','34','234','','4','','','345345','345','','','','','768','','','','dçflgdflçgklçdfkgçldkgçkdfçlgkdkgçdçgkdlçgklçdfkgçldfglçk','','192.168.100.9:34894');
INSERT INTO `MSGS` (DRT,DATAHORA,LOGINOUT,FUNCAO,PANELA,WS,FORNELETR,NUMMAQUINA,DIAMETRO,CLASSE,TEMP,PERCFESI,PERCMG,PERCC,PERCS,PERCP,PERCINOCLNT,ENELETTON,CADENCIA,OEE,ASPECTUBO,REFUGO,IPPORT) VALUES ('555555','07/10/18 18:47:47','O','OperadorMaquina','','','','','','','','','','','','','','','','','','','192.168.100.9:34894');
INSERT INTO `MSGS` (DRT,DATAHORA,LOGINOUT,FUNCAO,PANELA,WS,FORNELETR,NUMMAQUINA,DIAMETRO,CLASSE,TEMP,PERCFESI,PERCMG,PERCC,PERCS,PERCP,PERCINOCLNT,ENELETTON,CADENCIA,OEE,ASPECTUBO,REFUGO,IPPORT) VALUES ('777777','07/10/18 18:47:55','I','SupervisorMaquina','','','','','','','','','','','','','','','','','','','192.168.100.9:34894');
INSERT INTO `MSGS` (DRT,DATAHORA,LOGINOUT,FUNCAO,PANELA,WS,FORNELETR,NUMMAQUINA,DIAMETRO,CLASSE,TEMP,PERCFESI,PERCMG,PERCC,PERCS,PERCP,PERCINOCLNT,ENELETTON,CADENCIA,OEE,ASPECTUBO,REFUGO,IPPORT) VALUES ('777777','07/10/18 18:48:11','','SupervisorMaquina','','','','','','','','','','','','','','','sjfhdááççsdf','s234','çlrkgtçelrtkelçrkterlçtkçelktlçerkáááééééé','sçdkfçskffçksfsçfjksçdf','192.168.100.9:34894');
INSERT INTO `MSGS` (DRT,DATAHORA,LOGINOUT,FUNCAO,PANELA,WS,FORNELETR,NUMMAQUINA,DIAMETRO,CLASSE,TEMP,PERCFESI,PERCMG,PERCC,PERCS,PERCP,PERCINOCLNT,ENELETTON,CADENCIA,OEE,ASPECTUBO,REFUGO,IPPORT) VALUES ('777777','07/10/18 18:48:13','O','SupervisorMaquina','','','','','','','','','','','','','','','','','','','192.168.100.9:34894');
INSERT INTO `MSGS` (DRT,DATAHORA,LOGINOUT,FUNCAO,PANELA,WS,FORNELETR,NUMMAQUINA,DIAMETRO,CLASSE,TEMP,PERCFESI,PERCMG,PERCC,PERCS,PERCP,PERCINOCLNT,ENELETTON,CADENCIA,OEE,ASPECTUBO,REFUGO,IPPORT) VALUES ('333333','07/10/18 18:50:29','I','FornoEletrico','','','','','','','','','','','','','','','','','','','192.168.100.9:35438');
INSERT INTO `MSGS` (DRT,DATAHORA,LOGINOUT,FUNCAO,PANELA,WS,FORNELETR,NUMMAQUINA,DIAMETRO,CLASSE,TEMP,PERCFESI,PERCMG,PERCC,PERCS,PERCP,PERCINOCLNT,ENELETTON,CADENCIA,OEE,ASPECTUBO,REFUGO,IPPORT) VALUES ('333333','07/10/18 18:50:42','','FornoEletrico','34','','344','','','','33333','333','4444','','33333','','','','','','','','192.168.100.9:35438');
INSERT INTO `MSGS` (DRT,DATAHORA,LOGINOUT,FUNCAO,PANELA,WS,FORNELETR,NUMMAQUINA,DIAMETRO,CLASSE,TEMP,PERCFESI,PERCMG,PERCC,PERCS,PERCP,PERCINOCLNT,ENELETTON,CADENCIA,OEE,ASPECTUBO,REFUGO,IPPORT) VALUES ('333333','07/10/18 18:50:44','O','FornoEletrico','','','','','','','','','','','','','','','','','','','192.168.100.9:35438');
INSERT INTO `MSGS` (DRT,DATAHORA,LOGINOUT,FUNCAO,PANELA,WS,FORNELETR,NUMMAQUINA,DIAMETRO,CLASSE,TEMP,PERCFESI,PERCMG,PERCC,PERCS,PERCP,PERCINOCLNT,ENELETTON,CADENCIA,OEE,ASPECTUBO,REFUGO,IPPORT) VALUES ('222222','07/10/18 20:58:39','I','SupervisorMaquina','','','','','','','','','','','','','','','','','','','192.168.100.9:47462');
INSERT INTO `MSGS` (DRT,DATAHORA,LOGINOUT,FUNCAO,PANELA,WS,FORNELETR,NUMMAQUINA,DIAMETRO,CLASSE,TEMP,PERCFESI,PERCMG,PERCC,PERCS,PERCP,PERCINOCLNT,ENELETTON,CADENCIA,OEE,ASPECTUBO,REFUGO,IPPORT) VALUES ('222222','07/10/18 20:58:52','','SupervisorMaquina','','','','','','','','','','','','','','','sdfkl','234','lkdfgkldjfgkldjflgjdfklgjldfkgkljdf','sldjflskjfklsjdklfjskldjfklsd','192.168.100.9:47462');
INSERT INTO `MSGS` (DRT,DATAHORA,LOGINOUT,FUNCAO,PANELA,WS,FORNELETR,NUMMAQUINA,DIAMETRO,CLASSE,TEMP,PERCFESI,PERCMG,PERCC,PERCS,PERCP,PERCINOCLNT,ENELETTON,CADENCIA,OEE,ASPECTUBO,REFUGO,IPPORT) VALUES ('222222','07/10/18 20:58:54','O','SupervisorMaquina','','','','','','','','','','','','','','','','','','','192.168.100.9:47462');
INSERT INTO `MSGS` (DRT,DATAHORA,LOGINOUT,FUNCAO,PANELA,WS,FORNELETR,NUMMAQUINA,DIAMETRO,CLASSE,TEMP,PERCFESI,PERCMG,PERCC,PERCS,PERCP,PERCINOCLNT,ENELETTON,CADENCIA,OEE,ASPECTUBO,REFUGO,IPPORT) VALUES ('444444','07/10/18 21:23:12','I','OperadorMaquina','','','','','','','','','','','','','','','','','','','192.168.100.9:49410');
INSERT INTO `MSGS` (DRT,DATAHORA,LOGINOUT,FUNCAO,PANELA,WS,FORNELETR,NUMMAQUINA,DIAMETRO,CLASSE,TEMP,PERCFESI,PERCMG,PERCC,PERCS,PERCP,PERCINOCLNT,ENELETTON,CADENCIA,OEE,ASPECTUBO,REFUGO,IPPORT) VALUES ('444444','07/10/18 21:23:47','','OperadorMaquina','23','34','','2','','','234','123','','','','','123','','','','1234','','192.168.100.9:49410');
INSERT INTO `MSGS` (DRT,DATAHORA,LOGINOUT,FUNCAO,PANELA,WS,FORNELETR,NUMMAQUINA,DIAMETRO,CLASSE,TEMP,PERCFESI,PERCMG,PERCC,PERCS,PERCP,PERCINOCLNT,ENELETTON,CADENCIA,OEE,ASPECTUBO,REFUGO,IPPORT) VALUES ('444444','07/10/18 21:23:49','O','OperadorMaquina','','','','','','','','','','','','','','','','','','','192.168.100.9:49410');
INSERT INTO `MSGS` (DRT,DATAHORA,LOGINOUT,FUNCAO,PANELA,WS,FORNELETR,NUMMAQUINA,DIAMETRO,CLASSE,TEMP,PERCFESI,PERCMG,PERCC,PERCS,PERCP,PERCINOCLNT,ENELETTON,CADENCIA,OEE,ASPECTUBO,REFUGO,IPPORT) VALUES ('999999','07/10/18 21:24:37','I','OperadorMaquina','','','','','','','','','','','','','','','','','','','192.168.100.9:49732');
INSERT INTO `MSGS` (DRT,DATAHORA,LOGINOUT,FUNCAO,PANELA,WS,FORNELETR,NUMMAQUINA,DIAMETRO,CLASSE,TEMP,PERCFESI,PERCMG,PERCC,PERCS,PERCP,PERCINOCLNT,ENELETTON,CADENCIA,OEE,ASPECTUBO,REFUGO,IPPORT) VALUES ('999999','07/10/18 21:24:48','','OperadorMaquina','df','345','','4','','','dfg','ertet','','','','','dfgdfg','','','','dfgdfgdfg','','192.168.100.9:49732');
INSERT INTO `MSGS` (DRT,DATAHORA,LOGINOUT,FUNCAO,PANELA,WS,FORNELETR,NUMMAQUINA,DIAMETRO,CLASSE,TEMP,PERCFESI,PERCMG,PERCC,PERCS,PERCP,PERCINOCLNT,ENELETTON,CADENCIA,OEE,ASPECTUBO,REFUGO,IPPORT) VALUES ('999999','07/10/18 21:24:49','O','OperadorMaquina','','','','','','','','','','','','','','','','','','','192.168.100.9:49732');
INSERT INTO `MSGS` (DRT,DATAHORA,LOGINOUT,FUNCAO,PANELA,WS,FORNELETR,NUMMAQUINA,DIAMETRO,CLASSE,TEMP,PERCFESI,PERCMG,PERCC,PERCS,PERCP,PERCINOCLNT,ENELETTON,CADENCIA,OEE,ASPECTUBO,REFUGO,IPPORT) VALUES ('222222','08/10/18 21:27:26','I','SupervisorMaquina','','','','','','','','','','','','','','','','','','','192.168.100.9:46822');
INSERT INTO `MSGS` (DRT,DATAHORA,LOGINOUT,FUNCAO,PANELA,WS,FORNELETR,NUMMAQUINA,DIAMETRO,CLASSE,TEMP,PERCFESI,PERCMG,PERCC,PERCS,PERCP,PERCINOCLNT,ENELETTON,CADENCIA,OEE,ASPECTUBO,REFUGO,IPPORT) VALUES ('222222','08/10/18 21:27:35','','SupervisorMaquina','','','','','','','','','','','','','','','aaa','aa','aaaaaaaaaaaaaaaaaaaaaaaaaaaaaaaaaaaaaaaaaaaaaaaaaaaaa','aaa','192.168.100.9:46822');
INSERT INTO `MSGS` (DRT,DATAHORA,LOGINOUT,FUNCAO,PANELA,WS,FORNELETR,NUMMAQUINA,DIAMETRO,CLASSE,TEMP,PERCFESI,PERCMG,PERCC,PERCS,PERCP,PERCINOCLNT,ENELETTON,CADENCIA,OEE,ASPECTUBO,REFUGO,IPPORT) VALUES ('222222','08/10/18 21:27:36','O','SupervisorMaquina','','','','','','','','','','','','','','','','','','','192.168.100.9:46822');
INSERT INTO `MSGS` (DRT,DATAHORA,LOGINOUT,FUNCAO,PANELA,WS,FORNELETR,NUMMAQUINA,DIAMETRO,CLASSE,TEMP,PERCFESI,PERCMG,PERCC,PERCS,PERCP,PERCINOCLNT,ENELETTON,CADENCIA,OEE,ASPECTUBO,REFUGO,IPPORT) VALUES ('444444','08/10/18 21:28:40','I','OperadorMaquina','','','','','','','','','','','','','','','','','','','192.168.100.9:46982');
INSERT INTO `MSGS` (DRT,DATAHORA,LOGINOUT,FUNCAO,PANELA,WS,FORNELETR,NUMMAQUINA,DIAMETRO,CLASSE,TEMP,PERCFESI,PERCMG,PERCC,PERCS,PERCP,PERCINOCLNT,ENELETTON,CADENCIA,OEE,ASPECTUBO,REFUGO,IPPORT) VALUES ('444444','08/10/18 21:28:58','','OperadorMaquina','45','45','','3','','','345','234','','','','','234','','','','dfdfdfdgdfgdf','','192.168.100.9:46982');
INSERT INTO `MSGS` (DRT,DATAHORA,LOGINOUT,FUNCAO,PANELA,WS,FORNELETR,NUMMAQUINA,DIAMETRO,CLASSE,TEMP,PERCFESI,PERCMG,PERCC,PERCS,PERCP,PERCINOCLNT,ENELETTON,CADENCIA,OEE,ASPECTUBO,REFUGO,IPPORT) VALUES ('444444','08/10/18 21:28:59','O','OperadorMaquina','','','','','','','','','','','','','','','','','','','192.168.100.9:46982');
INSERT INTO `MSGS` (DRT,DATAHORA,LOGINOUT,FUNCAO,PANELA,WS,FORNELETR,NUMMAQUINA,DIAMETRO,CLASSE,TEMP,PERCFESI,PERCMG,PERCC,PERCS,PERCP,PERCINOCLNT,ENELETTON,CADENCIA,OEE,ASPECTUBO,REFUGO,IPPORT) VALUES ('111111','08/10/18 21:35:16','I','FornoEletrico','','','','','','','','','','','','','','','','','','','192.168.100.9:47668');
INSERT INTO `MSGS` (DRT,DATAHORA,LOGINOUT,FUNCAO,PANELA,WS,FORNELETR,NUMMAQUINA,DIAMETRO,CLASSE,TEMP,PERCFESI,PERCMG,PERCC,PERCS,PERCP,PERCINOCLNT,ENELETTON,CADENCIA,OEE,ASPECTUBO,REFUGO,IPPORT) VALUES ('111111','08/10/18 21:35:25','','FornoEletrico','23','','234','','','','234234','123','234','','1234','','','','','','','','192.168.100.9:47668');
INSERT INTO `MSGS` (DRT,DATAHORA,LOGINOUT,FUNCAO,PANELA,WS,FORNELETR,NUMMAQUINA,DIAMETRO,CLASSE,TEMP,PERCFESI,PERCMG,PERCC,PERCS,PERCP,PERCINOCLNT,ENELETTON,CADENCIA,OEE,ASPECTUBO,REFUGO,IPPORT) VALUES ('111111','08/10/18 21:35:34','','FornoEletrico','34','','345','','','','345','234','345','','234456','','','','','','','','192.168.100.9:47668');
INSERT INTO `MSGS` (DRT,DATAHORA,LOGINOUT,FUNCAO,PANELA,WS,FORNELETR,NUMMAQUINA,DIAMETRO,CLASSE,TEMP,PERCFESI,PERCMG,PERCC,PERCS,PERCP,PERCINOCLNT,ENELETTON,CADENCIA,OEE,ASPECTUBO,REFUGO,IPPORT) VALUES ('111111','08/10/18 21:35:40','O','FornoEletrico','','','','','','','','','','','','','','','','','','','192.168.100.9:47668');
INSERT INTO `MSGS` (DRT,DATAHORA,LOGINOUT,FUNCAO,PANELA,WS,FORNELETR,NUMMAQUINA,DIAMETRO,CLASSE,TEMP,PERCFESI,PERCMG,PERCC,PERCS,PERCP,PERCINOCLNT,ENELETTON,CADENCIA,OEE,ASPECTUBO,REFUGO,IPPORT) VALUES ('888888','09/10/18 17:09:39','I','SupervisorMaquina','','','','','','','','','','','','','','','','','','','192.168.100.9:52066');
INSERT INTO `MSGS` (DRT,DATAHORA,LOGINOUT,FUNCAO,PANELA,WS,FORNELETR,NUMMAQUINA,DIAMETRO,CLASSE,TEMP,PERCFESI,PERCMG,PERCC,PERCS,PERCP,PERCINOCLNT,ENELETTON,CADENCIA,OEE,ASPECTUBO,REFUGO,IPPORT) VALUES ('888888','09/10/18 17:16:03','','SupervisorMaquina','','','','','','','','','','','','','','','90,00%','85.2','bolsa roida','r28b','192.168.100.9:52066');
INSERT INTO `MSGS` (DRT,DATAHORA,LOGINOUT,FUNCAO,PANELA,WS,FORNELETR,NUMMAQUINA,DIAMETRO,CLASSE,TEMP,PERCFESI,PERCMG,PERCC,PERCS,PERCP,PERCINOCLNT,ENELETTON,CADENCIA,OEE,ASPECTUBO,REFUGO,IPPORT) VALUES ('888888','09/10/18 17:21:05','','SupervisorMaquina','','','','','','','','','','','','','','','50','30','tudo cortado','r35','192.168.100.9:52066');
INSERT INTO `MSGS` (DRT,DATAHORA,LOGINOUT,FUNCAO,PANELA,WS,FORNELETR,NUMMAQUINA,DIAMETRO,CLASSE,TEMP,PERCFESI,PERCMG,PERCC,PERCS,PERCP,PERCINOCLNT,ENELETTON,CADENCIA,OEE,ASPECTUBO,REFUGO,IPPORT) VALUES ('888888','09/10/18 17:22:39','O','SupervisorMaquina','','','','','','','','','','','','','','','','','','','192.168.100.9:52066');
INSERT INTO `MSGS` (DRT,DATAHORA,LOGINOUT,FUNCAO,PANELA,WS,FORNELETR,NUMMAQUINA,DIAMETRO,CLASSE,TEMP,PERCFESI,PERCMG,PERCC,PERCS,PERCP,PERCINOCLNT,ENELETTON,CADENCIA,OEE,ASPECTUBO,REFUGO,IPPORT) VALUES ('333333','09/10/18 17:28:43','I','FornoEletrico','','','','','','','','','','','','','','','','','','','192.168.100.9:52066');
INSERT INTO `MSGS` (DRT,DATAHORA,LOGINOUT,FUNCAO,PANELA,WS,FORNELETR,NUMMAQUINA,DIAMETRO,CLASSE,TEMP,PERCFESI,PERCMG,PERCC,PERCS,PERCP,PERCINOCLNT,ENELETTON,CADENCIA,OEE,ASPECTUBO,REFUGO,IPPORT) VALUES ('333333','09/10/18 17:30:12','','FornoEletrico','50','','IT6','','','','1400','2.3','1.8','','0,1','','','','','','','','192.168.100.9:52066');
INSERT INTO `MSGS` (DRT,DATAHORA,LOGINOUT,FUNCAO,PANELA,WS,FORNELETR,NUMMAQUINA,DIAMETRO,CLASSE,TEMP,PERCFESI,PERCMG,PERCC,PERCS,PERCP,PERCINOCLNT,ENELETTON,CADENCIA,OEE,ASPECTUBO,REFUGO,IPPORT) VALUES ('333333','09/10/18 17:34:50','','FornoEletrico','23','','234','','','','234','234','234','','23','','','','','','','','192.168.100.9:52066');
INSERT INTO `MSGS` (DRT,DATAHORA,LOGINOUT,FUNCAO,PANELA,WS,FORNELETR,NUMMAQUINA,DIAMETRO,CLASSE,TEMP,PERCFESI,PERCMG,PERCC,PERCS,PERCP,PERCINOCLNT,ENELETTON,CADENCIA,OEE,ASPECTUBO,REFUGO,IPPORT) VALUES ('333333','09/10/18 17:35:10','O','FornoEletrico','','','','','','','','','','','','','','','','','','','192.168.100.9:52066');
INSERT INTO `MSGS` (DRT,DATAHORA,LOGINOUT,FUNCAO,PANELA,WS,FORNELETR,NUMMAQUINA,DIAMETRO,CLASSE,TEMP,PERCFESI,PERCMG,PERCC,PERCS,PERCP,PERCINOCLNT,ENELETTON,CADENCIA,OEE,ASPECTUBO,REFUGO,IPPORT) VALUES ('333333','09/10/18 19:14:23','I','FornoEletrico','','','','','','','','','','','','','','','','','','','192.168.100.9:35528');
INSERT INTO `MSGS` (DRT,DATAHORA,LOGINOUT,FUNCAO,PANELA,WS,FORNELETR,NUMMAQUINA,DIAMETRO,CLASSE,TEMP,PERCFESI,PERCMG,PERCC,PERCS,PERCP,PERCINOCLNT,ENELETTON,CADENCIA,OEE,ASPECTUBO,REFUGO,IPPORT) VALUES ('333333','09/10/18 19:16:05','','FornoEletrico','32','','IT62','','','','1480','2.25','0.54','','0.11','','','','','','','','192.168.100.9:35528');
INSERT INTO `MSGS` (DRT,DATAHORA,LOGINOUT,FUNCAO,PANELA,WS,FORNELETR,NUMMAQUINA,DIAMETRO,CLASSE,TEMP,PERCFESI,PERCMG,PERCC,PERCS,PERCP,PERCINOCLNT,ENELETTON,CADENCIA,OEE,ASPECTUBO,REFUGO,IPPORT) VALUES ('333333','09/10/18 19:18:36','','FornoEletrico','34','','456','','','','456','234','345','','345','','','','','','','','192.168.100.9:35528');
INSERT INTO `MSGS` (DRT,DATAHORA,LOGINOUT,FUNCAO,PANELA,WS,FORNELETR,NUMMAQUINA,DIAMETRO,CLASSE,TEMP,PERCFESI,PERCMG,PERCC,PERCS,PERCP,PERCINOCLNT,ENELETTON,CADENCIA,OEE,ASPECTUBO,REFUGO,IPPORT) VALUES ('333333','09/10/18 19:21:24','O','FornoEletrico','','','','','','','','','','','','','','','','','','','192.168.100.9:35528');
INSERT INTO `MSGS` (DRT,DATAHORA,LOGINOUT,FUNCAO,PANELA,WS,FORNELETR,NUMMAQUINA,DIAMETRO,CLASSE,TEMP,PERCFESI,PERCMG,PERCC,PERCS,PERCP,PERCINOCLNT,ENELETTON,CADENCIA,OEE,ASPECTUBO,REFUGO,IPPORT) VALUES ('777777','09/10/18 19:24:36','I','SupervisorMaquina','','','','','','','','','','','','','','','','','','','192.168.100.9:35528');
INSERT INTO `MSGS` (DRT,DATAHORA,LOGINOUT,FUNCAO,PANELA,WS,FORNELETR,NUMMAQUINA,DIAMETRO,CLASSE,TEMP,PERCFESI,PERCMG,PERCC,PERCS,PERCP,PERCINOCLNT,ENELETTON,CADENCIA,OEE,ASPECTUBO,REFUGO,IPPORT) VALUES ('777777','09/10/18 19:26:37','','SupervisorMaquina','','','','','','','','','','','','','','','98','87','pelado','r36','192.168.100.9:35528');
INSERT INTO `MSGS` (DRT,DATAHORA,LOGINOUT,FUNCAO,PANELA,WS,FORNELETR,NUMMAQUINA,DIAMETRO,CLASSE,TEMP,PERCFESI,PERCMG,PERCC,PERCS,PERCP,PERCINOCLNT,ENELETTON,CADENCIA,OEE,ASPECTUBO,REFUGO,IPPORT) VALUES ('777777','09/10/18 19:27:36','','SupervisorMaquina','','','','','','','','','','','','','','','lsdf','45','dkdfljgdfkgjdkjgkdfg','dkljfgkldjfgkljdklgjdkljgdfg','192.168.100.9:35528');
INSERT INTO `MSGS` (DRT,DATAHORA,LOGINOUT,FUNCAO,PANELA,WS,FORNELETR,NUMMAQUINA,DIAMETRO,CLASSE,TEMP,PERCFESI,PERCMG,PERCC,PERCS,PERCP,PERCINOCLNT,ENELETTON,CADENCIA,OEE,ASPECTUBO,REFUGO,IPPORT) VALUES ('777777','09/10/18 19:28:19','O','SupervisorMaquina','','','','','','','','','','','','','','','','','','','192.168.100.9:35528');
INSERT INTO `MSGS` (DRT,DATAHORA,LOGINOUT,FUNCAO,PANELA,WS,FORNELETR,NUMMAQUINA,DIAMETRO,CLASSE,TEMP,PERCFESI,PERCMG,PERCC,PERCS,PERCP,PERCINOCLNT,ENELETTON,CADENCIA,OEE,ASPECTUBO,REFUGO,IPPORT) VALUES ('111111','09/10/18 19:37:23','I','FornoEletrico','','','','','','','','','','','','','','','','','','','192.168.100.9:37314');
INSERT INTO `MSGS` (DRT,DATAHORA,LOGINOUT,FUNCAO,PANELA,WS,FORNELETR,NUMMAQUINA,DIAMETRO,CLASSE,TEMP,PERCFESI,PERCMG,PERCC,PERCS,PERCP,PERCINOCLNT,ENELETTON,CADENCIA,OEE,ASPECTUBO,REFUGO,IPPORT) VALUES ('111111','09/10/18 19:38:00','','FornoEletrico','4','','3','','','','44','544','44','','44','','','','','','','','192.168.100.9:37314');
INSERT INTO `MSGS` (DRT,DATAHORA,LOGINOUT,FUNCAO,PANELA,WS,FORNELETR,NUMMAQUINA,DIAMETRO,CLASSE,TEMP,PERCFESI,PERCMG,PERCC,PERCS,PERCP,PERCINOCLNT,ENELETTON,CADENCIA,OEE,ASPECTUBO,REFUGO,IPPORT) VALUES ('111111','09/10/18 19:38:09','O','FornoEletrico','','','','','','','','','','','','','','','','','','','192.168.100.9:37314');
INSERT INTO `MSGS` (DRT,DATAHORA,LOGINOUT,FUNCAO,PANELA,WS,FORNELETR,NUMMAQUINA,DIAMETRO,CLASSE,TEMP,PERCFESI,PERCMG,PERCC,PERCS,PERCP,PERCINOCLNT,ENELETTON,CADENCIA,OEE,ASPECTUBO,REFUGO,IPPORT) VALUES ('999999','09/10/18 19:43:44','I','OperadorMaquina','','','','','','','','','','','','','','','','','','','192.168.100.9:37754');
INSERT INTO `MSGS` (DRT,DATAHORA,LOGINOUT,FUNCAO,PANELA,WS,FORNELETR,NUMMAQUINA,DIAMETRO,CLASSE,TEMP,PERCFESI,PERCMG,PERCC,PERCS,PERCP,PERCINOCLNT,ENELETTON,CADENCIA,OEE,ASPECTUBO,REFUGO,IPPORT) VALUES ('777777','09/10/18 19:43:53','I','SupervisorMaquina','','','','','','','','','','','','','','','','','','','192.168.100.9:37752');
INSERT INTO `MSGS` (DRT,DATAHORA,LOGINOUT,FUNCAO,PANELA,WS,FORNELETR,NUMMAQUINA,DIAMETRO,CLASSE,TEMP,PERCFESI,PERCMG,PERCC,PERCS,PERCP,PERCINOCLNT,ENELETTON,CADENCIA,OEE,ASPECTUBO,REFUGO,IPPORT) VALUES ('999999','09/10/18 19:44:34','','OperadorMaquina','10','12','','1','','','1200','45.6','','','','','234.3','','','','kllkdfkljdfgkldfjkldfklgjlkdfgjldfg','','192.168.100.9:37754');
INSERT INTO `MSGS` (DRT,DATAHORA,LOGINOUT,FUNCAO,PANELA,WS,FORNELETR,NUMMAQUINA,DIAMETRO,CLASSE,TEMP,PERCFESI,PERCMG,PERCC,PERCS,PERCP,PERCINOCLNT,ENELETTON,CADENCIA,OEE,ASPECTUBO,REFUGO,IPPORT) VALUES ('777777','09/10/18 19:45:16','','SupervisorMaquina','','','','','','','','','','','','','','','45','90','pela do','sdlkjwelfkjf','192.168.100.9:37752');
INSERT INTO `MSGS` (DRT,DATAHORA,LOGINOUT,FUNCAO,PANELA,WS,FORNELETR,NUMMAQUINA,DIAMETRO,CLASSE,TEMP,PERCFESI,PERCMG,PERCC,PERCS,PERCP,PERCINOCLNT,ENELETTON,CADENCIA,OEE,ASPECTUBO,REFUGO,IPPORT) VALUES ('777777','09/10/18 19:45:51','O','SupervisorMaquina','','','','','','','','','','','','','','','','','','','192.168.100.9:37752');
INSERT INTO `MSGS` (DRT,DATAHORA,LOGINOUT,FUNCAO,PANELA,WS,FORNELETR,NUMMAQUINA,DIAMETRO,CLASSE,TEMP,PERCFESI,PERCMG,PERCC,PERCS,PERCP,PERCINOCLNT,ENELETTON,CADENCIA,OEE,ASPECTUBO,REFUGO,IPPORT) VALUES ('999999','09/10/18 19:46:00','','OperadorMaquina','345','345','','45','','','345','33','','','','','344','','','','34','','192.168.100.9:37754');
INSERT INTO `MSGS` (DRT,DATAHORA,LOGINOUT,FUNCAO,PANELA,WS,FORNELETR,NUMMAQUINA,DIAMETRO,CLASSE,TEMP,PERCFESI,PERCMG,PERCC,PERCS,PERCP,PERCINOCLNT,ENELETTON,CADENCIA,OEE,ASPECTUBO,REFUGO,IPPORT) VALUES ('999999','09/10/18 19:46:02','O','OperadorMaquina','','','','','','','','','','','','','','','','','','','192.168.100.9:37754');
INSERT INTO `MSGS` (DRT,DATAHORA,LOGINOUT,FUNCAO,PANELA,WS,FORNELETR,NUMMAQUINA,DIAMETRO,CLASSE,TEMP,PERCFESI,PERCMG,PERCC,PERCS,PERCP,PERCINOCLNT,ENELETTON,CADENCIA,OEE,ASPECTUBO,REFUGO,IPPORT) VALUES ('111111','10/10/18 18:37:29','I','FornoEletrico','','','','','','','','','','','','','','','','','','','192.168.100.9:56474');
INSERT INTO `MSGS` (DRT,DATAHORA,LOGINOUT,FUNCAO,PANELA,WS,FORNELETR,NUMMAQUINA,DIAMETRO,CLASSE,TEMP,PERCFESI,PERCMG,PERCC,PERCS,PERCP,PERCINOCLNT,ENELETTON,CADENCIA,OEE,ASPECTUBO,REFUGO,IPPORT) VALUES ('111111','10/10/18 18:37:54','','FornoEletrico','34','','','345','','','','234','ieur','','234','','234','','','','','||','192.168.100.9:56474');
INSERT INTO `MSGS` (DRT,DATAHORA,LOGINOUT,FUNCAO,PANELA,WS,FORNELETR,NUMMAQUINA,DIAMETRO,CLASSE,TEMP,PERCFESI,PERCMG,PERCC,PERCS,PERCP,PERCINOCLNT,ENELETTON,CADENCIA,OEE,ASPECTUBO,REFUGO,IPPORT) VALUES ('111111','10/10/18 18:38:45','','FornoEletrico','','','','','','','','','','','','','','','','','','|||||||||||||||||','192.168.100.9:56474');
INSERT INTO `MSGS` (DRT,DATAHORA,LOGINOUT,FUNCAO,PANELA,WS,FORNELETR,NUMMAQUINA,DIAMETRO,CLASSE,TEMP,PERCFESI,PERCMG,PERCC,PERCS,PERCP,PERCINOCLNT,ENELETTON,CADENCIA,OEE,ASPECTUBO,REFUGO,IPPORT) VALUES ('111111','10/10/18 18:39:12','','FornoEletrico','4','','888','','','','9999','','123','','345','','','234','','','','|||','192.168.100.9:56474');
INSERT INTO `MSGS` (DRT,DATAHORA,LOGINOUT,FUNCAO,PANELA,WS,FORNELETR,NUMMAQUINA,DIAMETRO,CLASSE,TEMP,PERCFESI,PERCMG,PERCC,PERCS,PERCP,PERCINOCLNT,ENELETTON,CADENCIA,OEE,ASPECTUBO,REFUGO,IPPORT) VALUES ('111111','10/10/18 18:39:43','O','FornoEletrico','','','','','','','','','','','','','','','','','','','192.168.100.9:56474');
INSERT INTO `MSGS` (DRT,DATAHORA,LOGINOUT,FUNCAO,PANELA,WS,FORNELETR,NUMMAQUINA,DIAMETRO,CLASSE,TEMP,PERCFESI,PERCMG,PERCC,PERCS,PERCP,PERCINOCLNT,ENELETTON,CADENCIA,OEE,ASPECTUBO,REFUGO,IPPORT) VALUES ('111111','10/10/18 18:42:14','I','FornoEletrico','','','','','','','','','','','','','','','','','','','192.168.100.9:56854');
INSERT INTO `MSGS` (DRT,DATAHORA,LOGINOUT,FUNCAO,PANELA,WS,FORNELETR,NUMMAQUINA,DIAMETRO,CLASSE,TEMP,PERCFESI,PERCMG,PERCC,PERCS,PERCP,PERCINOCLNT,ENELETTON,CADENCIA,OEE,ASPECTUBO,REFUGO,IPPORT) VALUES ('111111','10/10/18 18:42:45','','FornoEletrico','-3','','RT','','','','-567-','12-34','345-','','-','','','','','','','','192.168.100.9:56854');
INSERT INTO `MSGS` (DRT,DATAHORA,LOGINOUT,FUNCAO,PANELA,WS,FORNELETR,NUMMAQUINA,DIAMETRO,CLASSE,TEMP,PERCFESI,PERCMG,PERCC,PERCS,PERCP,PERCINOCLNT,ENELETTON,CADENCIA,OEE,ASPECTUBO,REFUGO,IPPORT) VALUES ('111111','10/10/18 18:43:08','O','FornoEletrico','','','','','','','','','','','','','','','','','','','192.168.100.9:56854');
INSERT INTO `MSGS` (DRT,DATAHORA,LOGINOUT,FUNCAO,PANELA,WS,FORNELETR,NUMMAQUINA,DIAMETRO,CLASSE,TEMP,PERCFESI,PERCMG,PERCC,PERCS,PERCP,PERCINOCLNT,ENELETTON,CADENCIA,OEE,ASPECTUBO,REFUGO,IPPORT) VALUES ('111111','10/10/18 20:01:53','I','FornoEletrico','','','','','','','','','','','','','','','','','','','192.168.100.9:35550');
INSERT INTO `MSGS` (DRT,DATAHORA,LOGINOUT,FUNCAO,PANELA,WS,FORNELETR,NUMMAQUINA,DIAMETRO,CLASSE,TEMP,PERCFESI,PERCMG,PERCC,PERCS,PERCP,PERCINOCLNT,ENELETTON,CADENCIA,OEE,ASPECTUBO,REFUGO,IPPORT) VALUES ('111111','10/10/18 20:02:16','','FornoEletrico','76','','876AT','','','','876765','876','876','','876','','','','','','','','192.168.100.9:35550');
INSERT INTO `MSGS` (DRT,DATAHORA,LOGINOUT,FUNCAO,PANELA,WS,FORNELETR,NUMMAQUINA,DIAMETRO,CLASSE,TEMP,PERCFESI,PERCMG,PERCC,PERCS,PERCP,PERCINOCLNT,ENELETTON,CADENCIA,OEE,ASPECTUBO,REFUGO,IPPORT) VALUES ('111111','10/10/18 20:02:23','O','FornoEletrico','','','','','','','','','','','','','','','','','','','192.168.100.9:35550');
INSERT INTO `MSGS` (DRT,DATAHORA,LOGINOUT,FUNCAO,PANELA,WS,FORNELETR,NUMMAQUINA,DIAMETRO,CLASSE,TEMP,PERCFESI,PERCMG,PERCC,PERCS,PERCP,PERCINOCLNT,ENELETTON,CADENCIA,OEE,ASPECTUBO,REFUGO,IPPORT) VALUES ('222222','10/10/18 20:06:11','I','SupervisorMaquina','','','','','','','','','','','','','','','','','','','192.168.100.9:35992');
INSERT INTO `MSGS` (DRT,DATAHORA,LOGINOUT,FUNCAO,PANELA,WS,FORNELETR,NUMMAQUINA,DIAMETRO,CLASSE,TEMP,PERCFESI,PERCMG,PERCC,PERCS,PERCP,PERCINOCLNT,ENELETTON,CADENCIA,OEE,ASPECTUBO,REFUGO,IPPORT) VALUES ('444444','11/10/18 00:46:33','I','OperadorMaquina','','','','','','','','','','','','','','','','','','','192.168.100.9:53828');
INSERT INTO `MSGS` (DRT,DATAHORA,LOGINOUT,FUNCAO,PANELA,WS,FORNELETR,NUMMAQUINA,DIAMETRO,CLASSE,TEMP,PERCFESI,PERCMG,PERCC,PERCS,PERCP,PERCINOCLNT,ENELETTON,CADENCIA,OEE,ASPECTUBO,REFUGO,IPPORT) VALUES ('111111','11/10/18 00:47:34','I','FornoEletrico','','','','','','','','','','','','','','','','','','','192.168.100.9:53946');
INSERT INTO `MSGS` (DRT,DATAHORA,LOGINOUT,FUNCAO,PANELA,WS,FORNELETR,NUMMAQUINA,DIAMETRO,CLASSE,TEMP,PERCFESI,PERCMG,PERCC,PERCS,PERCP,PERCINOCLNT,ENELETTON,CADENCIA,OEE,ASPECTUBO,REFUGO,IPPORT) VALUES ('111111','11/10/18 00:48:05','','FornoEletrico','50','','IT6','','','','1435','19,23','23,5','','40,21','','','','','','','','192.168.100.9:53946');
INSERT INTO `MSGS` (DRT,DATAHORA,LOGINOUT,FUNCAO,PANELA,WS,FORNELETR,NUMMAQUINA,DIAMETRO,CLASSE,TEMP,PERCFESI,PERCMG,PERCC,PERCS,PERCP,PERCINOCLNT,ENELETTON,CADENCIA,OEE,ASPECTUBO,REFUGO,IPPORT) VALUES ('111111','11/10/18 00:48:07','O','FornoEletrico','','','','','','','','','','','','','','','','','','','192.168.100.9:53946');
INSERT INTO `MSGS` (DRT,DATAHORA,LOGINOUT,FUNCAO,PANELA,WS,FORNELETR,NUMMAQUINA,DIAMETRO,CLASSE,TEMP,PERCFESI,PERCMG,PERCC,PERCS,PERCP,PERCINOCLNT,ENELETTON,CADENCIA,OEE,ASPECTUBO,REFUGO,IPPORT) VALUES ('222222','13/12/18 20:30:51','I','SupervisorMaquina','','','','','','','','','','','','','','','','','','','127.0.0.1:46788');
INSERT INTO `MSGS` (DRT,DATAHORA,LOGINOUT,FUNCAO,PANELA,WS,FORNELETR,NUMMAQUINA,DIAMETRO,CLASSE,TEMP,PERCFESI,PERCMG,PERCC,PERCS,PERCP,PERCINOCLNT,ENELETTON,CADENCIA,OEE,ASPECTUBO,REFUGO,IPPORT) VALUES ('222222','13/12/18 20:31:30','','SupervisorMaquina','','','','','','','','','','','','','','','asd','asd','asd','qwe','127.0.0.1:46788');
INSERT INTO `MSGS` (DRT,DATAHORA,LOGINOUT,FUNCAO,PANELA,WS,FORNELETR,NUMMAQUINA,DIAMETRO,CLASSE,TEMP,PERCFESI,PERCMG,PERCC,PERCS,PERCP,PERCINOCLNT,ENELETTON,CADENCIA,OEE,ASPECTUBO,REFUGO,IPPORT) VALUES ('222222','13/12/18 20:38:08','I','SupervisorMaquina','','','','','','','','','','','','','','','','','','','127.0.0.1:47930');
INSERT INTO `MSGS` (DRT,DATAHORA,LOGINOUT,FUNCAO,PANELA,WS,FORNELETR,NUMMAQUINA,DIAMETRO,CLASSE,TEMP,PERCFESI,PERCMG,PERCC,PERCS,PERCP,PERCINOCLNT,ENELETTON,CADENCIA,OEE,ASPECTUBO,REFUGO,IPPORT) VALUES ('222222','13/12/18 20:38:16','','SupervisorMaquina','','','','','','','','','','','','','','','qwe','qwe','qwe','qwe','127.0.0.1:47930');
INSERT INTO `MSGS` (DRT,DATAHORA,LOGINOUT,FUNCAO,PANELA,WS,FORNELETR,NUMMAQUINA,DIAMETRO,CLASSE,TEMP,PERCFESI,PERCMG,PERCC,PERCS,PERCP,PERCINOCLNT,ENELETTON,CADENCIA,OEE,ASPECTUBO,REFUGO,IPPORT) VALUES ('222222','13/12/18 20:38:33','O','SupervisorMaquina','','','','','','','','','','','','','','','','','','','127.0.0.1:47930');
INSERT INTO `MSGS` (DRT,DATAHORA,LOGINOUT,FUNCAO,PANELA,WS,FORNELETR,NUMMAQUINA,DIAMETRO,CLASSE,TEMP,PERCFESI,PERCMG,PERCC,PERCS,PERCP,PERCINOCLNT,ENELETTON,CADENCIA,OEE,ASPECTUBO,REFUGO,IPPORT) VALUES ('777777','13/12/18 20:38:57','I','SupervisorMaquina','','','','','','','','','','','','','','','','','','','127.0.0.1:47930');
INSERT INTO `MSGS` (DRT,DATAHORA,LOGINOUT,FUNCAO,PANELA,WS,FORNELETR,NUMMAQUINA,DIAMETRO,CLASSE,TEMP,PERCFESI,PERCMG,PERCC,PERCS,PERCP,PERCINOCLNT,ENELETTON,CADENCIA,OEE,ASPECTUBO,REFUGO,IPPORT) VALUES ('777777','13/12/18 20:39:08','','SupervisorMaquina','','','','','','','','','','','','','','','234','345','ldjkljkldgjkll','jkljkljkljkl','127.0.0.1:47930');
INSERT INTO `MSGS` (DRT,DATAHORA,LOGINOUT,FUNCAO,PANELA,WS,FORNELETR,NUMMAQUINA,DIAMETRO,CLASSE,TEMP,PERCFESI,PERCMG,PERCC,PERCS,PERCP,PERCINOCLNT,ENELETTON,CADENCIA,OEE,ASPECTUBO,REFUGO,IPPORT) VALUES ('777777','13/12/18 20:39:24','','SupervisorMaquina','','','','','','','','','','','','','','','wer','wer','2323234234234234234','234234234234234234','127.0.0.1:47930');
INSERT INTO `MSGS` (DRT,DATAHORA,LOGINOUT,FUNCAO,PANELA,WS,FORNELETR,NUMMAQUINA,DIAMETRO,CLASSE,TEMP,PERCFESI,PERCMG,PERCC,PERCS,PERCP,PERCINOCLNT,ENELETTON,CADENCIA,OEE,ASPECTUBO,REFUGO,IPPORT) VALUES ('777777','13/12/18 20:39:30','O','SupervisorMaquina','','','','','','','','','','','','','','','','','','','127.0.0.1:47930');
INSERT INTO `MSGS` (DRT,DATAHORA,LOGINOUT,FUNCAO,PANELA,WS,FORNELETR,NUMMAQUINA,DIAMETRO,CLASSE,TEMP,PERCFESI,PERCMG,PERCC,PERCS,PERCP,PERCINOCLNT,ENELETTON,CADENCIA,OEE,ASPECTUBO,REFUGO,IPPORT) VALUES ('777777','13/12/18 22:04:08','I','SupervisorMaquina','','','','','','','','','','','','','','','','','','','127.0.0.1:35002');
INSERT INTO `MSGS` (DRT,DATAHORA,LOGINOUT,FUNCAO,PANELA,WS,FORNELETR,NUMMAQUINA,DIAMETRO,CLASSE,TEMP,PERCFESI,PERCMG,PERCC,PERCS,PERCP,PERCINOCLNT,ENELETTON,CADENCIA,OEE,ASPECTUBO,REFUGO,IPPORT) VALUES ('777777','13/12/18 22:04:17','','SupervisorMaquina','','','','','','','','','','','','','','','456','456','','456456456','127.0.0.1:35002');
INSERT INTO `MSGS` (DRT,DATAHORA,LOGINOUT,FUNCAO,PANELA,WS,FORNELETR,NUMMAQUINA,DIAMETRO,CLASSE,TEMP,PERCFESI,PERCMG,PERCC,PERCS,PERCP,PERCINOCLNT,ENELETTON,CADENCIA,OEE,ASPECTUBO,REFUGO,IPPORT) VALUES ('777777','13/12/18 22:04:31','','SupervisorMaquina','','','','','','','','','','','','','','','34t','34t','53t3tt33t','t','127.0.0.1:35002');
INSERT INTO `MSGS` (DRT,DATAHORA,LOGINOUT,FUNCAO,PANELA,WS,FORNELETR,NUMMAQUINA,DIAMETRO,CLASSE,TEMP,PERCFESI,PERCMG,PERCC,PERCS,PERCP,PERCINOCLNT,ENELETTON,CADENCIA,OEE,ASPECTUBO,REFUGO,IPPORT) VALUES ('777777','13/12/18 22:04:46','','SupervisorMaquina','','','','','','','','','','','','','','','rr','rty','546456456456456456','456456','127.0.0.1:35002');
INSERT INTO `MSGS` (DRT,DATAHORA,LOGINOUT,FUNCAO,PANELA,WS,FORNELETR,NUMMAQUINA,DIAMETRO,CLASSE,TEMP,PERCFESI,PERCMG,PERCC,PERCS,PERCP,PERCINOCLNT,ENELETTON,CADENCIA,OEE,ASPECTUBO,REFUGO,IPPORT) VALUES ('777777','13/12/18 22:04:54','O','SupervisorMaquina','','','','','','','','','','','','','','','','','','','127.0.0.1:35002');
INSERT INTO `MSGS` (DRT,DATAHORA,LOGINOUT,FUNCAO,PANELA,WS,FORNELETR,NUMMAQUINA,DIAMETRO,CLASSE,TEMP,PERCFESI,PERCMG,PERCC,PERCS,PERCP,PERCINOCLNT,ENELETTON,CADENCIA,OEE,ASPECTUBO,REFUGO,IPPORT) VALUES ('111111','13/12/18 22:07:58','I','FornoEletrico','','','','','','','','','','','','','','','','','','','127.0.0.1:35514');
INSERT INTO `MSGS` (DRT,DATAHORA,LOGINOUT,FUNCAO,PANELA,WS,FORNELETR,NUMMAQUINA,DIAMETRO,CLASSE,TEMP,PERCFESI,PERCMG,PERCC,PERCS,PERCP,PERCINOCLNT,ENELETTON,CADENCIA,OEE,ASPECTUBO,REFUGO,IPPORT) VALUES ('111111','13/12/18 22:08:13','','FornoEletrico','56','','234','','','','234','234','456','','345','','','','','','','','127.0.0.1:35514');
INSERT INTO `MSGS` (DRT,DATAHORA,LOGINOUT,FUNCAO,PANELA,WS,FORNELETR,NUMMAQUINA,DIAMETRO,CLASSE,TEMP,PERCFESI,PERCMG,PERCC,PERCS,PERCP,PERCINOCLNT,ENELETTON,CADENCIA,OEE,ASPECTUBO,REFUGO,IPPORT) VALUES ('111111','13/12/18 22:09:15','O','FornoEletrico','','','','','','','','','','','','','','','','','','','127.0.0.1:35514');
INSERT INTO `MSGS` (DRT,DATAHORA,LOGINOUT,FUNCAO,PANELA,WS,FORNELETR,NUMMAQUINA,DIAMETRO,CLASSE,TEMP,PERCFESI,PERCMG,PERCC,PERCS,PERCP,PERCINOCLNT,ENELETTON,CADENCIA,OEE,ASPECTUBO,REFUGO,IPPORT) VALUES ('777777','13/12/18 22:09:20','I','SupervisorMaquina','','','','','','','','','','','','','','','','','','','127.0.0.1:35514');
INSERT INTO `MSGS` (DRT,DATAHORA,LOGINOUT,FUNCAO,PANELA,WS,FORNELETR,NUMMAQUINA,DIAMETRO,CLASSE,TEMP,PERCFESI,PERCMG,PERCC,PERCS,PERCP,PERCINOCLNT,ENELETTON,CADENCIA,OEE,ASPECTUBO,REFUGO,IPPORT) VALUES ('777777','13/12/18 22:09:55','O','SupervisorMaquina','','','','','','','','','','','','','','','','','','','127.0.0.1:35514');
INSERT INTO `MSGS` (DRT,DATAHORA,LOGINOUT,FUNCAO,PANELA,WS,FORNELETR,NUMMAQUINA,DIAMETRO,CLASSE,TEMP,PERCFESI,PERCMG,PERCC,PERCS,PERCP,PERCINOCLNT,ENELETTON,CADENCIA,OEE,ASPECTUBO,REFUGO,IPPORT) VALUES ('444444','13/12/18 22:09:59','I','OperadorMaquina','','','','','','','','','','','','','','','','','','','127.0.0.1:35514');
INSERT INTO `MSGS` (DRT,DATAHORA,LOGINOUT,FUNCAO,PANELA,WS,FORNELETR,NUMMAQUINA,DIAMETRO,CLASSE,TEMP,PERCFESI,PERCMG,PERCC,PERCS,PERCP,PERCINOCLNT,ENELETTON,CADENCIA,OEE,ASPECTUBO,REFUGO,IPPORT) VALUES ('444444','13/12/18 22:10:34','O','OperadorMaquina','','','','','','','','','','','','','','','','','','','127.0.0.1:35514');
INSERT INTO `MSGS` (DRT,DATAHORA,LOGINOUT,FUNCAO,PANELA,WS,FORNELETR,NUMMAQUINA,DIAMETRO,CLASSE,TEMP,PERCFESI,PERCMG,PERCC,PERCS,PERCP,PERCINOCLNT,ENELETTON,CADENCIA,OEE,ASPECTUBO,REFUGO,IPPORT) VALUES ('444444','13/12/18 22:21:49','I','OperadorMaquina','','','','','','','','','','','','','','','','','','','127.0.0.1:38946');
INSERT INTO `MSGS` (DRT,DATAHORA,LOGINOUT,FUNCAO,PANELA,WS,FORNELETR,NUMMAQUINA,DIAMETRO,CLASSE,TEMP,PERCFESI,PERCMG,PERCC,PERCS,PERCP,PERCINOCLNT,ENELETTON,CADENCIA,OEE,ASPECTUBO,REFUGO,IPPORT) VALUES ('444444','13/12/18 22:22:03','','OperadorMaquina','234','234','','2','','','234','234','','','','','234','','','','234','','127.0.0.1:38946');
INSERT INTO `MSGS` (DRT,DATAHORA,LOGINOUT,FUNCAO,PANELA,WS,FORNELETR,NUMMAQUINA,DIAMETRO,CLASSE,TEMP,PERCFESI,PERCMG,PERCC,PERCS,PERCP,PERCINOCLNT,ENELETTON,CADENCIA,OEE,ASPECTUBO,REFUGO,IPPORT) VALUES ('444444','13/12/18 22:22:16','O','OperadorMaquina','','','','','','','','','','','','','','','','','','','127.0.0.1:38946');
INSERT INTO `MSGS` (DRT,DATAHORA,LOGINOUT,FUNCAO,PANELA,WS,FORNELETR,NUMMAQUINA,DIAMETRO,CLASSE,TEMP,PERCFESI,PERCMG,PERCC,PERCS,PERCP,PERCINOCLNT,ENELETTON,CADENCIA,OEE,ASPECTUBO,REFUGO,IPPORT) VALUES ('111111','13/12/18 22:22:53','I','FornoEletrico','','','','','','','','','','','','','','','','','','','127.0.0.1:38946');
INSERT INTO `MSGS` (DRT,DATAHORA,LOGINOUT,FUNCAO,PANELA,WS,FORNELETR,NUMMAQUINA,DIAMETRO,CLASSE,TEMP,PERCFESI,PERCMG,PERCC,PERCS,PERCP,PERCINOCLNT,ENELETTON,CADENCIA,OEE,ASPECTUBO,REFUGO,IPPORT) VALUES ('111111','13/12/18 22:23:24','','FornoEletrico','23','','23','','','','23','23','23','','23','','','','','','','','127.0.0.1:38946');
INSERT INTO `MSGS` (DRT,DATAHORA,LOGINOUT,FUNCAO,PANELA,WS,FORNELETR,NUMMAQUINA,DIAMETRO,CLASSE,TEMP,PERCFESI,PERCMG,PERCC,PERCS,PERCP,PERCINOCLNT,ENELETTON,CADENCIA,OEE,ASPECTUBO,REFUGO,IPPORT) VALUES ('111111','13/12/18 22:23:39','O','FornoEletrico','','','','','','','','','','','','','','','','','','','127.0.0.1:38946');
INSERT INTO `MSGS` (DRT,DATAHORA,LOGINOUT,FUNCAO,PANELA,WS,FORNELETR,NUMMAQUINA,DIAMETRO,CLASSE,TEMP,PERCFESI,PERCMG,PERCC,PERCS,PERCP,PERCINOCLNT,ENELETTON,CADENCIA,OEE,ASPECTUBO,REFUGO,IPPORT) VALUES ('888888','13/12/18 22:23:48','I','SupervisorMaquina','','','','','','','','','','','','','','','','','','','127.0.0.1:38946');
INSERT INTO `MSGS` (DRT,DATAHORA,LOGINOUT,FUNCAO,PANELA,WS,FORNELETR,NUMMAQUINA,DIAMETRO,CLASSE,TEMP,PERCFESI,PERCMG,PERCC,PERCS,PERCP,PERCINOCLNT,ENELETTON,CADENCIA,OEE,ASPECTUBO,REFUGO,IPPORT) VALUES ('888888','13/12/18 22:24:09','','SupervisorMaquina','','','','','','','','','','','','','','','234','234','234','234','127.0.0.1:38946');
INSERT INTO `MSGS` (DRT,DATAHORA,LOGINOUT,FUNCAO,PANELA,WS,FORNELETR,NUMMAQUINA,DIAMETRO,CLASSE,TEMP,PERCFESI,PERCMG,PERCC,PERCS,PERCP,PERCINOCLNT,ENELETTON,CADENCIA,OEE,ASPECTUBO,REFUGO,IPPORT) VALUES ('888888','13/12/18 22:24:17','','SupervisorMaquina','','','','','','','','','','','','','','','345','345','345','345','127.0.0.1:38946');
INSERT INTO `MSGS` (DRT,DATAHORA,LOGINOUT,FUNCAO,PANELA,WS,FORNELETR,NUMMAQUINA,DIAMETRO,CLASSE,TEMP,PERCFESI,PERCMG,PERCC,PERCS,PERCP,PERCINOCLNT,ENELETTON,CADENCIA,OEE,ASPECTUBO,REFUGO,IPPORT) VALUES ('888888','13/12/18 22:25:03','I','SupervisorMaquina','','','','','','','','','','','','','','','','','','','127.0.0.1:39476');
INSERT INTO `MSGS` (DRT,DATAHORA,LOGINOUT,FUNCAO,PANELA,WS,FORNELETR,NUMMAQUINA,DIAMETRO,CLASSE,TEMP,PERCFESI,PERCMG,PERCC,PERCS,PERCP,PERCINOCLNT,ENELETTON,CADENCIA,OEE,ASPECTUBO,REFUGO,IPPORT) VALUES ('888888','13/12/18 22:25:41','','SupervisorMaquina','','','','','','','','','','','','','','','aa','aa','aaaaa','aaaaa','127.0.0.1:39476');
INSERT INTO `MSGS` (DRT,DATAHORA,LOGINOUT,FUNCAO,PANELA,WS,FORNELETR,NUMMAQUINA,DIAMETRO,CLASSE,TEMP,PERCFESI,PERCMG,PERCC,PERCS,PERCP,PERCINOCLNT,ENELETTON,CADENCIA,OEE,ASPECTUBO,REFUGO,IPPORT) VALUES ('888888','13/12/18 22:25:42','','SupervisorMaquina','','','','','','','','','','','','','','','345','34','345345','345','127.0.0.1:38946');
INSERT INTO `MSGS` (DRT,DATAHORA,LOGINOUT,FUNCAO,PANELA,WS,FORNELETR,NUMMAQUINA,DIAMETRO,CLASSE,TEMP,PERCFESI,PERCMG,PERCC,PERCS,PERCP,PERCINOCLNT,ENELETTON,CADENCIA,OEE,ASPECTUBO,REFUGO,IPPORT) VALUES ('888888','13/12/18 22:26:50','O','SupervisorMaquina','','','','','','','','','','','','','','','','','','','127.0.0.1:39476');
INSERT INTO `MSGS` (DRT,DATAHORA,LOGINOUT,FUNCAO,PANELA,WS,FORNELETR,NUMMAQUINA,DIAMETRO,CLASSE,TEMP,PERCFESI,PERCMG,PERCC,PERCS,PERCP,PERCINOCLNT,ENELETTON,CADENCIA,OEE,ASPECTUBO,REFUGO,IPPORT) VALUES ('888888','13/12/18 22:26:52','','SupervisorMaquina','','','','','','','','','','','','','','','xcv','sdf','asd','qwe','127.0.0.1:38946');
INSERT INTO `MSGS` (DRT,DATAHORA,LOGINOUT,FUNCAO,PANELA,WS,FORNELETR,NUMMAQUINA,DIAMETRO,CLASSE,TEMP,PERCFESI,PERCMG,PERCC,PERCS,PERCP,PERCINOCLNT,ENELETTON,CADENCIA,OEE,ASPECTUBO,REFUGO,IPPORT) VALUES ('888888','13/12/18 22:29:48','O','SupervisorMaquina','','','','','','','','','','','','','','','','','','','127.0.0.1:38946');
INSERT INTO `MSGS` (DRT,DATAHORA,LOGINOUT,FUNCAO,PANELA,WS,FORNELETR,NUMMAQUINA,DIAMETRO,CLASSE,TEMP,PERCFESI,PERCMG,PERCC,PERCS,PERCP,PERCINOCLNT,ENELETTON,CADENCIA,OEE,ASPECTUBO,REFUGO,IPPORT) VALUES ('888888','13/12/18 22:40:12','I','SupervisorMaquina','','','','','','','','','','','','','','','','','','','127.0.0.1:41980');
INSERT INTO `MSGS` (DRT,DATAHORA,LOGINOUT,FUNCAO,PANELA,WS,FORNELETR,NUMMAQUINA,DIAMETRO,CLASSE,TEMP,PERCFESI,PERCMG,PERCC,PERCS,PERCP,PERCINOCLNT,ENELETTON,CADENCIA,OEE,ASPECTUBO,REFUGO,IPPORT) VALUES ('888888','13/12/18 22:40:22','','SupervisorMaquina','','','','','','','','','','','','','','','234','234','234','234','127.0.0.1:41980');
INSERT INTO `MSGS` (DRT,DATAHORA,LOGINOUT,FUNCAO,PANELA,WS,FORNELETR,NUMMAQUINA,DIAMETRO,CLASSE,TEMP,PERCFESI,PERCMG,PERCC,PERCS,PERCP,PERCINOCLNT,ENELETTON,CADENCIA,OEE,ASPECTUBO,REFUGO,IPPORT) VALUES ('888888','13/12/18 22:40:39','','SupervisorMaquina','','','','','','','','','','','','','','','11111','111','111111','11111','127.0.0.1:41980');
INSERT INTO `MSGS` (DRT,DATAHORA,LOGINOUT,FUNCAO,PANELA,WS,FORNELETR,NUMMAQUINA,DIAMETRO,CLASSE,TEMP,PERCFESI,PERCMG,PERCC,PERCS,PERCP,PERCINOCLNT,ENELETTON,CADENCIA,OEE,ASPECTUBO,REFUGO,IPPORT) VALUES ('888888','13/12/18 22:40:45','O','SupervisorMaquina','','','','','','','','','','','','','','','','','','','127.0.0.1:41980');
INSERT INTO `MSGS` (DRT,DATAHORA,LOGINOUT,FUNCAO,PANELA,WS,FORNELETR,NUMMAQUINA,DIAMETRO,CLASSE,TEMP,PERCFESI,PERCMG,PERCC,PERCS,PERCP,PERCINOCLNT,ENELETTON,CADENCIA,OEE,ASPECTUBO,REFUGO,IPPORT) VALUES ('222222','13/12/18 22:42:59','I','SupervisorMaquina','','','','','','','','','','','','','','','','','','','127.0.0.1:42560');
INSERT INTO `MSGS` (DRT,DATAHORA,LOGINOUT,FUNCAO,PANELA,WS,FORNELETR,NUMMAQUINA,DIAMETRO,CLASSE,TEMP,PERCFESI,PERCMG,PERCC,PERCS,PERCP,PERCINOCLNT,ENELETTON,CADENCIA,OEE,ASPECTUBO,REFUGO,IPPORT) VALUES ('222222','13/12/18 22:43:07','','SupervisorMaquina','','','','','','','','','','','','','','','234','234','234','234','127.0.0.1:42560');
INSERT INTO `MSGS` (DRT,DATAHORA,LOGINOUT,FUNCAO,PANELA,WS,FORNELETR,NUMMAQUINA,DIAMETRO,CLASSE,TEMP,PERCFESI,PERCMG,PERCC,PERCS,PERCP,PERCINOCLNT,ENELETTON,CADENCIA,OEE,ASPECTUBO,REFUGO,IPPORT) VALUES ('222222','13/12/18 22:43:47','O','SupervisorMaquina','','','','','','','','','','','','','','','','','','','127.0.0.1:42560');
INSERT INTO `MSGS` (DRT,DATAHORA,LOGINOUT,FUNCAO,PANELA,WS,FORNELETR,NUMMAQUINA,DIAMETRO,CLASSE,TEMP,PERCFESI,PERCMG,PERCC,PERCS,PERCP,PERCINOCLNT,ENELETTON,CADENCIA,OEE,ASPECTUBO,REFUGO,IPPORT) VALUES ('111111','08/02/19 16:22:05','','FornoEletrico','111','','11','','','','111','qweasdq','1111','','11111','','','','','','','','127.0.0.1:60472');
INSERT INTO `MSGS` (DRT,DATAHORA,LOGINOUT,FUNCAO,PANELA,WS,FORNELETR,NUMMAQUINA,DIAMETRO,CLASSE,TEMP,PERCFESI,PERCMG,PERCC,PERCS,PERCP,PERCINOCLNT,ENELETTON,CADENCIA,OEE,ASPECTUBO,REFUGO,IPPORT) VALUES ('111111','08/03/19 21:59:35','','FornoEletrico','a','','a','','','','a','aaaa','aa','','aa','','','','','','','','127.0.0.1:36490');
COMMIT;
